{
    "page_number": 10,
    "processed_date": "2025-05-28 13:58:04.524876",
    "total_regions": 4,
    "regions": [
        {
            "region_id": 1,
            "label": "Text",
            "position": 0,
            "original_bbox": [
                84.344970703125,
                47.16796875,
                1588.4296875,
                1102.734375
            ],
            "padded_bbox": [
                79,
                42,
                1593,
                1107
            ],
            "image_size": [
                1065,
                1514
            ],
            "ocr_text": "<math display=\"inline\">\\mathcal{L}(\\mathcal{L})</math> and <math display=\"inline\">\\mathcal{L}(\\mathcal{L})</math> . The <math display=\"inline\">\\mathcal{L}(\\mathcal{L})</math>"
        },
        {
            "region_id": 2,
            "label": "Text",
            "position": 1,
            "original_bbox": [
                361.59375,
                1236.52392578125,
                1627.171875,
                1913.75
            ],
            "padded_bbox": [
                356,
                1231,
                1632,
                1918
            ],
            "image_size": [
                687,
                1276
            ],
            "ocr_text": ""
        },
        {
            "region_id": 3,
            "label": "Text",
            "position": 2,
            "original_bbox": [
                259.08837890625,
                1915.98046875,
                1393.91162109375,
                2040.88671875
            ],
            "padded_bbox": [
                254,
                1910,
                1398,
                2045
            ],
            "image_size": [
                135,
                1144
            ],
            "ocr_text": ""
        },
        {
            "region_id": 4,
            "label": "Text",
            "position": 3,
            "original_bbox": [
                197.74658203125,
                2049.80859375,
                1569.86572265625,
                2178.060546875
            ],
            "padded_bbox": [
                192,
                2044,
                1574,
                2183
            ],
            "image_size": [
                139,
                1382
            ],
            "ocr_text": ""
        }
    ]
}