{
    "page_number": 2,
    "processed_date": "2025-05-28 13:49:05.541046",
    "total_regions": 2,
    "regions": [
        {
            "region_id": 1,
            "label": "Handwriting",
            "position": 0,
            "original_bbox": [
                110.9794921875,
                106.494140625,
                814.65380859375,
                562.5
            ],
            "padded_bbox": [
                105,
                101,
                819,
                567
            ],
            "image_size": [
                466,
                714
            ],
            "ocr_text": "<b>\u1290 \u0b86 \u0b86 \u0b86 \u0b86 \u0b86 \u0b86 \u0b86 \u0b86 \u0b86 \u0b86 \u0b86 \u0b86 \u0b86</b> \u0b86\u0b95 \u0b86\u0b95 \u0b86 <b>GOVERNMENT OF INDIA</b> <b>Central Archaeological Library</b> <b>Archaeological Survey of India</b> <b>JANPATH, NEW DELHI</b> Accession No. 96564 Call No. 2 930.103 1 AST-E"
        },
        {
            "region_id": 2,
            "label": "Picture",
            "position": 1,
            "original_bbox": [
                34.58056640625,
                1196.677734375,
                1577.8388671875,
                2311.2978515625
            ],
            "padded_bbox": [
                29,
                1191,
                1582,
                2316
            ],
            "image_size": [
                1125,
                1553
            ],
            "ocr_text": "<math display=\"inline\">\\mathbf{1}</math> <math>\\mathbf{L}</math> <math>_{\\bullet \\bullet}</math>"
        }
    ]
}